first_name,last_name,employee_id,salary,department,email
Anthony,Horton,11187,22000,Marketing,anthony.horton@datapocalypse.com
Marc,Martinez,13561,15000,Marketing,marc.martinez@datapocalypse.com
Laura,Peters,19810,17500,Engineering - Front End,laura.peters@datapocalypse.com
Vanessa,Mccullough,4858,18500,Engineering - Back End,vanessa.mccullough@datapocalypse.com
Amber,Fisher,10724,22500,Customer Research,amber.fisher@datapocalypse.com
Edward,Conway,8208,15000,Governance,edward.conway@datapocalypse.com
Timothy,Bell,19091,25000,Marketing,timothy.bell@datapocalypse.com
Cindy,Brown,3470,29500,Engineering - Back End,cindy.brown@datapocalypse.com
Mark,Hopkins,19445,15000,Customer Research,mark.hopkins@datapocalypse.com
Dennis,Hall,1164,15000,Customer Research,dennis.hall@datapocalypse.com
William,Castro,16518,15000,Governance,william.castro@datapocalypse.com
Karl,Mitchell,13481,22500,Engineering - Back End,karl.mitchell@datapocalypse.com
Darius,Park,5219,18000,Engineering - Front End,darius.park@datapocalypse.com
David,Johnson,18952,15000,Engineering - Back End,david.johnson@datapocalypse.com
Cindy,Herring,19453,31000,Marketing,cindy.herring@datapocalypse.com
Julie,White,7124,15000,Engineering - Back End,julie.white@datapocalypse.com
James,Davis,10012,22000,Marketing,james.davis@datapocalypse.com
David,Long,6025,19500,Marketing,david.long@datapocalypse.com
Joshua,Ramirez,12278,17000,Engineering - Back End,joshua.ramirez@datapocalypse.com
Rachel,Smith,6144,41000,Marketing,rachel.smith@datapocalypse.com
Cameron,Johnson,17459,24000,Distribution,cameron.johnson@datapocalypse.com
Jason,Cabrera,7026,29000,Distribution,jason.cabrera@datapocalypse.com
Jamie,Stanley,3777,15000,Customer Research,jamie.stanley@datapocalypse.com
Valerie,Robinson,133,24000,Distribution,valerie.robinson@datapocalypse.com
Katherine,Clark,8337,22500,Marketing,katherine.clark@datapocalypse.com
Melinda,Guzman,13433,27500,Engineering - Back End,melinda.guzman@datapocalypse.com
Heather,Harris,5621,15000,Customer Research,heather.harris@datapocalypse.com
Dustin,Stewart,7419,26500,Governance,dustin.stewart@datapocalypse.com
Jesse,Rowland,9975,37000,Governance,jesse.rowland@datapocalypse.com
Andrew,Diaz,7662,19000,Customer Research,andrew.diaz@datapocalypse.com
Courtney,Carr,18737,26000,Distribution,courtney.carr@datapocalypse.com
Vanessa,Robertson,3071,23000,Customer Research,vanessa.robertson@datapocalypse.com
Robert,Taylor,11369,25000,Engineering - Back End,robert.taylor@datapocalypse.com
Karen,Webster,15108,15000,Governance,karen.webster@datapocalypse.com
Benjamin,Anderson,7840,19500,Distribution,benjamin.anderson@datapocalypse.com
Christopher,Brown,13859,19500,Engineering - Back End,christopher.brown@datapocalypse.com
Tina,Henry,3612,15000,Marketing,tina.henry@datapocalypse.com
Timothy,Barker,6250,19500,Engineering - Front End,timothy.barker@datapocalypse.com
Aaron,White,11922,22500,Engineering - Front End,aaron.white@datapocalypse.com
Alejandra,Morris,13134,15000,Engineering - Back End,alejandra.morris@datapocalypse.com
David,Wilson,2565,18500,Distribution,david.wilson@datapocalypse.com
Sonya,Parker,1652,32000,Governance,sonya.parker@datapocalypse.com
Nicole,Stafford,2206,29500,Distribution,nicole.stafford@datapocalypse.com
Kristina,Lewis,8424,15500,Customer Research,kristina.lewis@datapocalypse.com
Matthew,Spencer,10602,24000,Distribution,matthew.spencer@datapocalypse.com
Desiree,Stewart,12021,29000,Governance,desiree.stewart@datapocalypse.com
Michael,White,6297,34500,Customer Research,michael.white@datapocalypse.com
Yvette,Walsh,13616,21500,Customer Research,yvette.walsh@datapocalypse.com
Samantha,Chapman,2253,23500,Customer Research,samantha.chapman@datapocalypse.com
James,Sims,6235,15000,Engineering - Front End,james.sims@datapocalypse.com
Brandi,Cooper,5861,18500,Distribution,brandi.cooper@datapocalypse.com
Christopher,Campbell,18742,27000,Customer Research,christopher.campbell@datapocalypse.com
William,Gonzales,1905,15000,Governance,william.gonzales@datapocalypse.com
Brandy,Chapman,19217,25000,Distribution,brandy.chapman@datapocalypse.com
Michael,Wood,11114,31500,Engineering - Back End,michael.wood@datapocalypse.com
Michael,Wagner,10275,22500,Engineering - Front End,michael.wagner@datapocalypse.com
Gina,Frazier,3292,15000,Customer Research,gina.frazier@datapocalypse.com
Andrew,Meyer,18727,26500,Distribution,andrew.meyer@datapocalypse.com
Sarah,Branch,17171,22000,Governance,sarah.branch@datapocalypse.com
James,Clark,12473,31500,Engineering - Back End,james.clark@datapocalypse.com
Kevin,Meyer,9390,15000,Customer Research,kevin.meyer@datapocalypse.com
Andrew,Stanley,7951,19500,Governance,andrew.stanley@datapocalypse.com
Christine,Farmer,19022,27000,Marketing,christine.farmer@datapocalypse.com
Sandra,Stevens,6466,17500,Marketing,sandra.stevens@datapocalypse.com
Richard,Bush,3338,25500,Engineering - Front End,richard.bush@datapocalypse.com
Diana,Marshall,4856,18000,Engineering - Back End,diana.marshall@datapocalypse.com
Melanie,Avila,19974,32500,Customer Research,melanie.avila@datapocalypse.com
Clinton,Garrett,7950,35500,Distribution,clinton.garrett@datapocalypse.com
Anna,Hubbard,12547,37000,Customer Research,anna.hubbard@datapocalypse.com
Grace,Griffin,13937,32000,Engineering - Back End,grace.griffin@datapocalypse.com
Morgan,Brown,1519,34000,Engineering - Front End,morgan.brown@datapocalypse.com
Cody,Daniel,5994,30500,Engineering - Front End,cody.daniel@datapocalypse.com
Melissa,Smith,7069,27000,Customer Research,melissa.smith@datapocalypse.com
Julian,James,13927,32000,Engineering - Front End,julian.james@datapocalypse.com
Elizabeth,Cox,1695,19000,Engineering - Front End,elizabeth.cox@datapocalypse.com
Debra,Byrd,10217,16500,Customer Research,debra.byrd@datapocalypse.com
Tammy,Williams,9355,33500,Engineering - Back End,tammy.williams@datapocalypse.com
Danielle,Reynolds,7032,22000,Engineering - Back End,danielle.reynolds@datapocalypse.com
Lauren,Diaz,9366,29500,Engineering - Back End,lauren.diaz@datapocalypse.com
Marcus,Alvarez,18603,23000,Engineering - Back End,marcus.alvarez@datapocalypse.com
Amber,Glenn,4794,24500,Marketing,amber.glenn@datapocalypse.com
Jacob,Rollins,2668,31000,Distribution,jacob.rollins@datapocalypse.com
Harold,Chavez,6946,32500,Governance,harold.chavez@datapocalypse.com
Andrew,Murphy,11773,35000,Engineering - Front End,andrew.murphy@datapocalypse.com
Brooke,May,19087,20500,Distribution,brooke.may@datapocalypse.com
Anthony,Brown,5333,15000,Governance,anthony.brown@datapocalypse.com
Melissa,Lucero,7442,21500,Governance,melissa.lucero@datapocalypse.com
Taylor,Martinez,18471,42500,Customer Research,taylor.martinez@datapocalypse.com
Cassandra,Peterson,18577,21000,Customer Research,cassandra.peterson@datapocalypse.com
Alexis,Allen,13100,30500,Governance,alexis.allen@datapocalypse.com
Jonathan,Campbell,11429,15000,Engineering - Back End,jonathan.campbell@datapocalypse.com
Cody,Chang,4442,15000,Engineering - Front End,cody.chang@datapocalypse.com
Ryan,Miller,16243,42000,Customer Research,ryan.miller@datapocalypse.com
Jeff,Mitchell,3129,28000,Governance,jeff.mitchell@datapocalypse.com
Tina,Whitney,4234,15000,Governance,tina.whitney@datapocalypse.com
Lisa,Mayo,14017,15000,Engineering - Back End,lisa.mayo@datapocalypse.com
James,Andersen,19234,15000,Marketing,james.andersen@datapocalypse.com
Angela,Friedman,19713,15000,Engineering - Front End,angela.friedman@datapocalypse.com
Lorraine,Villanueva,17052,26500,Governance,lorraine.villanueva@datapocalypse.com
Cheryl,Knight,17856,15000,Customer Research,cheryl.knight@datapocalypse.com
Jennifer,Hicks,19253,19500,Distribution,jennifer.hicks@datapocalypse.com
Sandra,Williams,5743,27500,Customer Research,sandra.williams@datapocalypse.com
Lauren,Berry,2475,16000,Engineering - Front End,lauren.berry@datapocalypse.com
Matthew,Navarro,187,15500,Distribution,matthew.navarro@datapocalypse.com
James,Rodgers,14361,26000,Marketing,james.rodgers@datapocalypse.com
Bobby,Irwin,1395,15000,Marketing,bobby.irwin@datapocalypse.com
Bailey,Jackson,9514,15000,Customer Research,bailey.jackson@datapocalypse.com
Deborah,Carter,8664,25000,Distribution,deborah.carter@datapocalypse.com
Frances,Navarro,15942,18500,Distribution,frances.navarro@datapocalypse.com
Tyler,Jones,15020,18500,Engineering - Front End,tyler.jones@datapocalypse.com
Beth,Rivera,10515,15000,Governance,beth.rivera@datapocalypse.com
Stephanie,Lopez,4104,15000,Marketing,stephanie.lopez@datapocalypse.com
Peter,Harvey,10680,15000,Engineering - Front End,peter.harvey@datapocalypse.com
Jason,Potter,19029,19500,Governance,jason.potter@datapocalypse.com
Jose,Cook,2953,21000,Marketing,jose.cook@datapocalypse.com
Eric,Combs,3875,16500,Marketing,eric.combs@datapocalypse.com
Ricky,Carpenter,9677,24000,Distribution,ricky.carpenter@datapocalypse.com
Susan,Aguilar,14864,28000,Marketing,susan.aguilar@datapocalypse.com
Stephanie,Robinson,2871,22500,Customer Research,stephanie.robinson@datapocalypse.com
Ryan,Schmitt,11523,35500,Engineering - Front End,ryan.schmitt@datapocalypse.com
Heather,Shepard,12911,22500,Engineering - Front End,heather.shepard@datapocalypse.com
Catherine,Cruz,14140,15000,Distribution,catherine.cruz@datapocalypse.com
Amanda,Miranda,6420,15000,Governance,amanda.miranda@datapocalypse.com
Michael,Reid,2593,24000,Engineering - Back End,michael.reid@datapocalypse.com
Barbara,Maldonado,12255,19000,Customer Research,barbara.maldonado@datapocalypse.com
Shawn,Rhodes,3281,15000,Distribution,shawn.rhodes@datapocalypse.com
Kelly,Mason,19461,22000,Marketing,kelly.mason@datapocalypse.com
Tanya,Mcclain,76,31000,Engineering - Front End,tanya.mcclain@datapocalypse.com
Sara,Thomas,1019,29500,Customer Research,sara.thomas@datapocalypse.com
Lori,Jones,16891,15000,Customer Research,lori.jones@datapocalypse.com
Derek,Harris,13517,15000,Engineering - Back End,derek.harris@datapocalypse.com
Victoria,Ward,14093,26000,Marketing,victoria.ward@datapocalypse.com
Danielle,Russell,4655,15000,Engineering - Front End,danielle.russell@datapocalypse.com
Nicole,Carroll,8927,15000,Governance,nicole.carroll@datapocalypse.com
Ricky,Mason,9112,22000,Engineering - Front End,ricky.mason@datapocalypse.com
Carlos,Barnett,15584,15000,Distribution,carlos.barnett@datapocalypse.com
Marie,Coleman,1356,15000,Engineering - Back End,marie.coleman@datapocalypse.com
Joshua,Riley,14535,16500,Marketing,joshua.riley@datapocalypse.com
Margaret,Torres,15359,34500,Distribution,margaret.torres@datapocalypse.com
Crystal,Romero,11821,23000,Governance,crystal.romero@datapocalypse.com
Michael,Moon,10161,23000,Governance,michael.moon@datapocalypse.com
William,Strong,8240,15000,Governance,william.strong@datapocalypse.com
John,Roy,2244,15000,Distribution,john.roy@datapocalypse.com
Ronald,Cohen,3646,15000,Engineering - Back End,ronald.cohen@datapocalypse.com
Nancy,Howard,15148,39000,Customer Research,nancy.howard@datapocalypse.com
Gilbert,Harris,612,41500,Marketing,gilbert.harris@datapocalypse.com
Aaron,Bell,16644,15000,Customer Research,aaron.bell@datapocalypse.com
Chris,Frazier,18837,19500,Engineering - Back End,chris.frazier@datapocalypse.com
Lacey,Lewis,4939,17500,Engineering - Front End,lacey.lewis@datapocalypse.com
Chad,Gomez,6242,25000,Distribution,chad.gomez@datapocalypse.com
Angel,Nicholson,10677,15000,Marketing,angel.nicholson@datapocalypse.com
Jacqueline,Walter,5334,20000,Marketing,jacqueline.walter@datapocalypse.com
Robert,Ortiz,9728,30500,Governance,robert.ortiz@datapocalypse.com
Aaron,Campbell,1086,35500,Customer Research,aaron.campbell@datapocalypse.com
Michael,Pearson,2119,32000,Customer Research,michael.pearson@datapocalypse.com
Amy,Weiss,15050,15000,Customer Research,amy.weiss@datapocalypse.com
Melvin,Lindsey,17223,26000,Customer Research,melvin.lindsey@datapocalypse.com
Robert,Gibson,1678,32000,Governance,robert.gibson@datapocalypse.com
Kevin,Valdez,4768,16500,Distribution,kevin.valdez@datapocalypse.com
William,Camacho,18293,17000,Customer Research,william.camacho@datapocalypse.com
Jason,Clark,14971,16500,Engineering - Front End,jason.clark@datapocalypse.com
Barbara,Moss,2528,28500,Distribution,barbara.moss@datapocalypse.com
Nicole,Williams,13501,24500,Engineering - Back End,nicole.williams@datapocalypse.com
Edgar,Carr,12923,19500,Distribution,edgar.carr@datapocalypse.com
Nancy,Church,14307,15000,Governance,nancy.church@datapocalypse.com
Mary,Hernandez,1767,15000,Engineering - Back End,mary.hernandez@datapocalypse.com
Kelly,Colon,12877,40000,Governance,kelly.colon@datapocalypse.com
Maria,Strong,14390,20000,Distribution,maria.strong@datapocalypse.com
Samuel,Hernandez,7332,22000,Marketing,samuel.hernandez@datapocalypse.com
Jay,Lucero,1467,15000,Engineering - Back End,jay.lucero@datapocalypse.com
Erin,Hughes,1476,25500,Engineering - Front End,erin.hughes@datapocalypse.com
Bruce,Mcdonald,2397,22500,Governance,bruce.mcdonald@datapocalypse.com
Jeremy,Long,843,34000,Engineering - Front End,jeremy.long@datapocalypse.com
Margaret,Buckley,18957,38500,Distribution,margaret.buckley@datapocalypse.com
Carol,Fowler,9004,17500,Distribution,carol.fowler@datapocalypse.com
Mary,Russell,11047,15000,Marketing,mary.russell@datapocalypse.com
Michael,Taylor,19498,21000,Customer Research,michael.taylor@datapocalypse.com
Kathy,Castro,18258,30500,Engineering - Back End,kathy.castro@datapocalypse.com
Brian,Sosa,19465,15500,Marketing,brian.sosa@datapocalypse.com
Amber,Jackson,19319,21500,Customer Research,amber.jackson@datapocalypse.com
William,David,725,26000,Distribution,william.david@datapocalypse.com
Steven,Henry,14751,31000,Customer Research,steven.henry@datapocalypse.com
Vanessa,Johnson,19108,31500,Customer Research,vanessa.johnson@datapocalypse.com
Brandon,Wong,7595,35000,Engineering - Back End,brandon.wong@datapocalypse.com
Ashley,White,16202,15000,Engineering - Front End,ashley.white@datapocalypse.com
Lisa,Martinez,12977,18500,Engineering - Front End,lisa.martinez@datapocalypse.com
Matthew,Neal,12457,33000,Customer Research,matthew.neal@datapocalypse.com
Tracy,Huffman,14610,29500,Customer Research,tracy.huffman@datapocalypse.com
Jeanette,Richards,4255,29000,Engineering - Front End,jeanette.richards@datapocalypse.com
Gregory,Nelson,18930,22000,Customer Research,gregory.nelson@datapocalypse.com
Brent,Yu,15562,17500,Distribution,brent.yu@datapocalypse.com
Darlene,Martinez,6021,30000,Marketing,darlene.martinez@datapocalypse.com
Marcus,Arnold,828,15000,Engineering - Back End,marcus.arnold@datapocalypse.com
Megan,Campbell,2161,15000,Customer Research,megan.campbell@datapocalypse.com
David,Hancock,8443,16500,Engineering - Back End,david.hancock@datapocalypse.com
Gina,Harris,8326,23000,Distribution,gina.harris@datapocalypse.com
Brenda,Thompson,19308,15000,Engineering - Front End,brenda.thompson@datapocalypse.com
Daisy,Palmer,7676,39000,Distribution,daisy.palmer@datapocalypse.com
Anthony,Shelton,11833,34000,Engineering - Back End,anthony.shelton@datapocalypse.com
Rhonda,Hanson,2847,15000,Marketing,rhonda.hanson@datapocalypse.com
Brandi,Johnson,2714,19500,Engineering - Back End,brandi.johnson@datapocalypse.com
Johnny,Cochran,7356,28500,Engineering - Back End,johnny.cochran@datapocalypse.com
Marie,Smith,6022,17000,Engineering - Front End,marie.smith@datapocalypse.com
Eric,Alvarado,9234,15000,Engineering - Front End,eric.alvarado@datapocalypse.com
Debra,Ellis,13219,18000,Marketing,debra.ellis@datapocalypse.com
Denise,Lewis,6348,17500,Engineering - Back End,denise.lewis@datapocalypse.com
John,Walls,8658,23000,Engineering - Front End,john.walls@datapocalypse.com
Jason,Johnson,12222,15000,Customer Research,jason.johnson@datapocalypse.com
Erica,Rose,9391,15000,Governance,erica.rose@datapocalypse.com
Margaret,Small,8798,15000,Governance,margaret.small@datapocalypse.com
Brandy,Ross,5538,32000,Engineering - Front End,brandy.ross@datapocalypse.com
Debbie,Chaney,2734,23500,Governance,debbie.chaney@datapocalypse.com
April,Fisher,12855,36500,Engineering - Back End,april.fisher@datapocalypse.com
Mia,Jones,17,29500,Governance,mia.jones@datapocalypse.com
Ana,Benson,1572,15000,Marketing,ana.benson@datapocalypse.com
Jeffrey,Roach,11760,52500,Marketing,jeffrey.roach@datapocalypse.com
Cody,Brooks,7819,15500,Governance,cody.brooks@datapocalypse.com
Maria,Hernandez,6184,15000,Governance,maria.hernandez@datapocalypse.com
Paul,Sanford,13681,15000,Engineering - Back End,paul.sanford@datapocalypse.com
Bryce,Evans,5259,27500,Engineering - Front End,bryce.evans@datapocalypse.com
Kevin,Ellis,1478,15000,Governance,kevin.ellis@datapocalypse.com
Rhonda,Weaver,8039,15000,Engineering - Front End,rhonda.weaver@datapocalypse.com
Anthony,Todd,6922,17500,Customer Research,anthony.todd@datapocalypse.com
Mario,Beasley,8735,22000,Engineering - Back End,mario.beasley@datapocalypse.com
David,Thompson,6843,19000,Marketing,david.thompson@datapocalypse.com
Sara,King,13133,24500,Marketing,sara.king@datapocalypse.com
Kevin,Norton,16705,36000,Customer Research,kevin.norton@datapocalypse.com
Matthew,Stevens,12434,32000,Engineering - Back End,matthew.stevens@datapocalypse.com
Devin,Robinson,11446,18000,Customer Research,devin.robinson@datapocalypse.com
Jeffrey,Riley,5798,39000,Engineering - Front End,jeffrey.riley@datapocalypse.com
Denise,Knight,10121,20500,Customer Research,denise.knight@datapocalypse.com
Dylan,Diaz,11822,15000,Governance,dylan.diaz@datapocalypse.com
Emily,Campbell,19973,43500,Distribution,emily.campbell@datapocalypse.com
April,Mullen,1880,15000,Customer Research,april.mullen@datapocalypse.com
Travis,Mcdonald,16007,21000,Governance,travis.mcdonald@datapocalypse.com
Sarah,Allen,7113,37000,Engineering - Front End,sarah.allen@datapocalypse.com
Jerry,Bradley,19321,27500,Customer Research,jerry.bradley@datapocalypse.com
Lauren,Steele,12483,15000,Marketing,lauren.steele@datapocalypse.com
Martin,Gonzalez,18469,26000,Engineering - Back End,martin.gonzalez@datapocalypse.com
Jonathan,Knapp,15151,15000,Marketing,jonathan.knapp@datapocalypse.com
Alexander,Davis,3594,27500,Engineering - Front End,alexander.davis@datapocalypse.com
Janice,Waters,15682,22500,Customer Research,janice.waters@datapocalypse.com
Elizabeth,Johnson,18903,20500,Distribution,elizabeth.johnson@datapocalypse.com
Elizabeth,Obrien,6620,21500,Governance,elizabeth.obrien@datapocalypse.com
Troy,Young,12579,34000,Distribution,troy.young@datapocalypse.com
Debra,Smith,13541,16000,Governance,debra.smith@datapocalypse.com
Susan,Smith,16614,25000,Governance,susan.smith@datapocalypse.com
Christopher,Glenn,19836,28500,Customer Research,christopher.glenn@datapocalypse.com
Michael,Calhoun,12216,15000,Marketing,michael.calhoun@datapocalypse.com
Joshua,Newman,6251,25000,Engineering - Back End,joshua.newman@datapocalypse.com
Roger,Brown,6926,17000,Governance,roger.brown@datapocalypse.com
Tyler,Allen,18334,15000,Governance,tyler.allen@datapocalypse.com
Sarah,Choi,4525,19000,Distribution,sarah.choi@datapocalypse.com
Kimberly,Griffin,4236,25000,Engineering - Front End,kimberly.griffin@datapocalypse.com
Brittany,Cardenas,3400,40000,Marketing,brittany.cardenas@datapocalypse.com
Morgan,Ryan,18401,37500,Marketing,morgan.ryan@datapocalypse.com
Christopher,Griffin,7329,30000,Customer Research,christopher.griffin@datapocalypse.com
Michelle,Winters,17498,40500,Engineering - Back End,michelle.winters@datapocalypse.com
Kimberly,Dixon,1720,35000,Customer Research,kimberly.dixon@datapocalypse.com
Michael,Mason,8278,16500,Marketing,michael.mason@datapocalypse.com
Mary,Barnes,2071,15000,Distribution,mary.barnes@datapocalypse.com
Angela,Taylor,8191,36000,Governance,angela.taylor@datapocalypse.com
Yolanda,Grimes,5282,33000,Marketing,yolanda.grimes@datapocalypse.com
Erik,Mcintosh,12364,34000,Governance,erik.mcintosh@datapocalypse.com
Breanna,Myers,17236,28500,Distribution,breanna.myers@datapocalypse.com
Justin,Miller,7821,15000,Marketing,justin.miller@datapocalypse.com
Heather,Carlson,8565,22000,Governance,heather.carlson@datapocalypse.com
Sarah,Preston,18787,25500,Customer Research,sarah.preston@datapocalypse.com
Cynthia,Moore,9185,21500,Engineering - Front End,cynthia.moore@datapocalypse.com
Donald,Matthews,10022,15500,Customer Research,donald.matthews@datapocalypse.com
Travis,Garcia,14708,29500,Engineering - Front End,travis.garcia@datapocalypse.com
Albert,Mann,14187,24500,Marketing,albert.mann@datapocalypse.com
Hannah,Shelton,18325,15000,Governance,hannah.shelton@datapocalypse.com
James,Higgins,12696,17500,Marketing,james.higgins@datapocalypse.com
Christine,Meadows,18992,15000,Marketing,christine.meadows@datapocalypse.com
Ian,Butler,1775,15000,Engineering - Back End,ian.butler@datapocalypse.com
Sharon,Scott,5838,26000,Engineering - Front End,sharon.scott@datapocalypse.com
Jason,Whitehead,19443,17000,Governance,jason.whitehead@datapocalypse.com
Jessica,Mann,1441,25500,Customer Research,jessica.mann@datapocalypse.com
Edward,Vega,4154,32000,Engineering - Front End,edward.vega@datapocalypse.com
Caleb,Burke,10507,15000,Marketing,caleb.burke@datapocalypse.com
Matthew,James,14807,24000,Engineering - Back End,matthew.james@datapocalypse.com
Victoria,Montoya,18601,24000,Customer Research,victoria.montoya@datapocalypse.com
Donna,Jones,18503,28000,Governance,donna.jones@datapocalypse.com
Daniel,Foster,9918,23500,Governance,daniel.foster@datapocalypse.com
Brian,Brown,6707,15000,Distribution,brian.brown@datapocalypse.com
Craig,Dunn,16466,15000,Governance,craig.dunn@datapocalypse.com
Whitney,Martinez,8888,26000,Engineering - Back End,whitney.martinez@datapocalypse.com
Wanda,Chung,14614,32000,Customer Research,wanda.chung@datapocalypse.com
Hector,Huang,17574,33000,Engineering - Back End,hector.huang@datapocalypse.com
Jonathan,Mcfarland,1981,44000,Distribution,jonathan.mcfarland@datapocalypse.com
Jennifer,Rice,179,33500,Distribution,jennifer.rice@datapocalypse.com
Susan,Stevens,19361,27000,Engineering - Back End,susan.stevens@datapocalypse.com
Beth,Mcdaniel,10777,34500,Engineering - Front End,beth.mcdaniel@datapocalypse.com
Victoria,Allen,5948,22000,Governance,victoria.allen@datapocalypse.com
William,Stevens,5632,15000,Customer Research,william.stevens@datapocalypse.com
Hannah,Hoffman,14253,32500,Distribution,hannah.hoffman@datapocalypse.com
Jesus,Davis,17781,17500,Governance,jesus.davis@datapocalypse.com
Christopher,Moore,9036,24000,Engineering - Back End,christopher.moore@datapocalypse.com
Matthew,Lewis,14155,35500,Engineering - Back End,matthew.lewis@datapocalypse.com
Lisa,Swanson,6391,31000,Customer Research,lisa.swanson@datapocalypse.com
Matthew,Smith,2960,15500,Engineering - Front End,matthew.smith@datapocalypse.com
Michael,Brown,4185,17000,Marketing,michael.brown@datapocalypse.com
Lauren,Clarke,10558,29500,Marketing,lauren.clarke@datapocalypse.com
Carrie,Simpson,15345,15000,Marketing,carrie.simpson@datapocalypse.com
Amber,Chandler,9609,26000,Engineering - Front End,amber.chandler@datapocalypse.com
Heather,Hughes,16215,15000,Engineering - Front End,heather.hughes@datapocalypse.com
Sheena,Cook,10747,15000,Engineering - Front End,sheena.cook@datapocalypse.com
Erin,Cunningham,1696,32000,Distribution,erin.cunningham@datapocalypse.com
Rachel,Russell,14709,29000,Engineering - Front End,rachel.russell@datapocalypse.com
Matthew,Page,3789,15000,Engineering - Back End,matthew.page@datapocalypse.com
Jeffrey,Alexander,9127,26000,Customer Research,jeffrey.alexander@datapocalypse.com
Steven,Johnson,13650,15000,Engineering - Front End,steven.johnson@datapocalypse.com
Benjamin,Johnson,13825,15000,Engineering - Back End,benjamin.johnson@datapocalypse.com
Rebecca,Morgan,19772,15000,Engineering - Back End,rebecca.morgan@datapocalypse.com
Lynn,Gross,5949,15500,Governance,lynn.gross@datapocalypse.com
Eugene,Martin,12131,15000,Engineering - Back End,eugene.martin@datapocalypse.com
Trevor,Garza,6656,15500,Marketing,trevor.garza@datapocalypse.com
Jason,Tate,8526,15000,Marketing,jason.tate@datapocalypse.com
Brian,Weeks,16136,16000,Engineering - Back End,brian.weeks@datapocalypse.com
Micheal,Hubbard,509,37500,Engineering - Front End,micheal.hubbard@datapocalypse.com
Michael,Briggs,3098,27000,Governance,michael.briggs@datapocalypse.com
Kari,Smith,10913,28000,Customer Research,kari.smith@datapocalypse.com
Jason,Levy,16918,15000,Marketing,jason.levy@datapocalypse.com
Michael,Jones,6963,20500,Engineering - Back End,michael.jones@datapocalypse.com
Lori,Hall,4971,16000,Customer Research,lori.hall@datapocalypse.com
Michael,Jones,10658,15000,Engineering - Back End,michael.jones@datapocalypse.com
Travis,Lara,10327,28000,Engineering - Back End,travis.lara@datapocalypse.com
Ronald,Martinez,17195,33000,Customer Research,ronald.martinez@datapocalypse.com
John,Day,16155,18000,Governance,john.day@datapocalypse.com
Jennifer,Hickman,15993,15000,Engineering - Back End,jennifer.hickman@datapocalypse.com
James,Hickman,13233,23500,Distribution,james.hickman@datapocalypse.com
Alexis,Freeman,17550,15000,Engineering - Front End,alexis.freeman@datapocalypse.com
Jared,Huang,14832,17500,Governance,jared.huang@datapocalypse.com
Michael,Davis,19695,42000,Engineering - Back End,michael.davis@datapocalypse.com
Lauren,Le,7666,15000,Governance,lauren.le@datapocalypse.com
Erin,Duncan,1319,15500,Engineering - Front End,erin.duncan@datapocalypse.com
Paula,King,16587,15000,Governance,paula.king@datapocalypse.com
Monica,Miller,3457,37000,Distribution,monica.miller@datapocalypse.com
William,Rodriguez,13955,15000,Governance,william.rodriguez@datapocalypse.com
Nichole,Johnson,17397,15000,Engineering - Front End,nichole.johnson@datapocalypse.com
Tina,Payne,4912,15000,Customer Research,tina.payne@datapocalypse.com
Traci,Fields,4990,32000,Governance,traci.fields@datapocalypse.com
Jennifer,Santos,2874,15500,Marketing,jennifer.santos@datapocalypse.com
Christy,Mcdaniel,13202,22500,Engineering - Back End,christy.mcdaniel@datapocalypse.com
Donald,Atkins,1605,34500,Marketing,donald.atkins@datapocalypse.com
Megan,Newton,14753,32000,Engineering - Back End,megan.newton@datapocalypse.com
William,Bailey,2733,15000,Governance,william.bailey@datapocalypse.com
Dalton,Perez,15275,39000,Distribution,dalton.perez@datapocalypse.com
Anthony,Mitchell,19558,15000,Governance,anthony.mitchell@datapocalypse.com
Emily,Garcia,13428,41000,Distribution,emily.garcia@datapocalypse.com
Hector,Harris,6336,26500,Customer Research,hector.harris@datapocalypse.com
Kelly,Davis,10411,34500,Distribution,kelly.davis@datapocalypse.com
Lori,Wilcox,10958,25000,Engineering - Front End,lori.wilcox@datapocalypse.com
Amanda,Lee,6945,15000,Engineering - Front End,amanda.lee@datapocalypse.com
Brian,French,3398,26500,Marketing,brian.french@datapocalypse.com
Chase,Roberts,14565,15000,Engineering - Back End,chase.roberts@datapocalypse.com
Richard,Bowman,15022,15000,Engineering - Front End,richard.bowman@datapocalypse.com
John,Fisher,9480,20500,Distribution,john.fisher@datapocalypse.com
Elijah,Brooks,8004,30500,Distribution,elijah.brooks@datapocalypse.com
Nicole,Bentley,14786,21000,Governance,nicole.bentley@datapocalypse.com
Anthony,Page,7964,15000,Marketing,anthony.page@datapocalypse.com
Kevin,Young,5110,32500,Customer Research,kevin.young@datapocalypse.com
Caitlyn,Franklin,14506,35000,Marketing,caitlyn.franklin@datapocalypse.com
Cassandra,Schmitt,13580,15000,Customer Research,cassandra.schmitt@datapocalypse.com
Sara,Garcia,16590,31500,Marketing,sara.garcia@datapocalypse.com
Tiffany,Bruce,1075,15000,Distribution,tiffany.bruce@datapocalypse.com
Rachel,Fowler,1573,15000,Engineering - Back End,rachel.fowler@datapocalypse.com
Shannon,Payne,1225,27500,Engineering - Back End,shannon.payne@datapocalypse.com
Grace,Morgan,15829,15000,Engineering - Front End,grace.morgan@datapocalypse.com
Chad,Hanna,19325,15000,Distribution,chad.hanna@datapocalypse.com
Christopher,Cooper,8689,22000,Customer Research,christopher.cooper@datapocalypse.com
Haley,Nelson,7594,15000,Customer Research,haley.nelson@datapocalypse.com
Emily,Guzman,1318,43000,Engineering - Back End,emily.guzman@datapocalypse.com
Robert,Douglas,2405,23000,Governance,robert.douglas@datapocalypse.com
Michael,Henry,6077,23000,Engineering - Back End,michael.henry@datapocalypse.com
Danielle,Wells,9674,34000,Engineering - Back End,danielle.wells@datapocalypse.com
Meredith,Hammond,1047,29000,Customer Research,meredith.hammond@datapocalypse.com
Howard,Meyer,6018,23500,Governance,howard.meyer@datapocalypse.com
Melanie,Baker,1707,27000,Customer Research,melanie.baker@datapocalypse.com
Michael,Wade,16547,22500,Engineering - Front End,michael.wade@datapocalypse.com
Spencer,Acevedo,9236,15000,Engineering - Back End,spencer.acevedo@datapocalypse.com
Melissa,Gentry,16407,15000,Governance,melissa.gentry@datapocalypse.com
John,Thompson,12882,21000,Customer Research,john.thompson@datapocalypse.com
Ana,Pierce,11460,15000,Engineering - Back End,ana.pierce@datapocalypse.com
Tyler,Chapman,19359,15000,Distribution,tyler.chapman@datapocalypse.com
Leonard,Brown,10613,26500,Marketing,leonard.brown@datapocalypse.com
Stacey,Singleton,2064,15000,Governance,stacey.singleton@datapocalypse.com
Bryan,Farley,13567,25500,Distribution,bryan.farley@datapocalypse.com
Henry,Osborn,2392,33000,Marketing,henry.osborn@datapocalypse.com
Amy,Mcdonald,4977,33500,Distribution,amy.mcdonald@datapocalypse.com
Melody,Mullen,7108,26500,Engineering - Front End,melody.mullen@datapocalypse.com
Katherine,Burns,17015,15000,Distribution,katherine.burns@datapocalypse.com
David,Jones,14650,15000,Engineering - Back End,david.jones@datapocalypse.com
Amanda,Gordon,14500,20500,Engineering - Back End,amanda.gordon@datapocalypse.com
Sharon,Vargas,6274,22000,Governance,sharon.vargas@datapocalypse.com
Tina,Davidson,15372,15500,Governance,tina.davidson@datapocalypse.com
Alexander,Reyes,13348,38500,Engineering - Back End,alexander.reyes@datapocalypse.com
James,Green,12318,16500,Distribution,james.green@datapocalypse.com
Alyssa,Sanchez,3754,15000,Distribution,alyssa.sanchez@datapocalypse.com
Regina,Mcintyre,15054,15000,Engineering - Back End,regina.mcintyre@datapocalypse.com
Stephanie,Wong,12388,31000,Engineering - Front End,stephanie.wong@datapocalypse.com
Michael,Munoz,12706,35000,Engineering - Back End,michael.munoz@datapocalypse.com
Julia,Skinner,8052,15000,Distribution,julia.skinner@datapocalypse.com
Brandon,Jennings,19161,24500,Distribution,brandon.jennings@datapocalypse.com
Kurt,Sutton,6374,16000,Governance,kurt.sutton@datapocalypse.com
Timothy,Smith,9749,43500,Customer Research,timothy.smith@datapocalypse.com
Shawn,Heath,18790,19500,Marketing,shawn.heath@datapocalypse.com
Jennifer,Lee,11982,15000,Governance,jennifer.lee@datapocalypse.com
William,Miller,3520,31500,Engineering - Back End,william.miller@datapocalypse.com
Elizabeth,Alexander,11136,26000,Engineering - Front End,elizabeth.alexander@datapocalypse.com
James,Copeland,3005,30000,Governance,james.copeland@datapocalypse.com
Brenda,Young,14771,29500,Engineering - Back End,brenda.young@datapocalypse.com
Douglas,Hays,4942,15000,Marketing,douglas.hays@datapocalypse.com
Roger,Cook,15417,16500,Engineering - Back End,roger.cook@datapocalypse.com
Patrick,Hart,18206,15000,Governance,patrick.hart@datapocalypse.com
Jared,Vega,13503,16000,Distribution,jared.vega@datapocalypse.com
Ana,Sutton,7504,34500,Marketing,ana.sutton@datapocalypse.com
Michael,Alvarado,6696,26000,Distribution,michael.alvarado@datapocalypse.com
Mark,Brown,18287,19000,Distribution,mark.brown@datapocalypse.com
Renee,Thornton,8481,23000,Customer Research,renee.thornton@datapocalypse.com
Francisco,Garcia,17547,34000,Engineering - Front End,francisco.garcia@datapocalypse.com
Kelly,Richard,9150,15000,Governance,kelly.richard@datapocalypse.com
Steven,Bates,8717,29000,Engineering - Back End,steven.bates@datapocalypse.com
Noah,Sharp,15903,34500,Governance,noah.sharp@datapocalypse.com
Jack,Lindsey,16465,19000,Engineering - Back End,jack.lindsey@datapocalypse.com
Jared,Hicks,9204,15000,Engineering - Front End,jared.hicks@datapocalypse.com
Haley,Glenn,11571,37000,Engineering - Back End,haley.glenn@datapocalypse.com
Kristen,May,17528,15000,Engineering - Front End,kristen.may@datapocalypse.com
Justin,Buchanan,13475,51500,Engineering - Back End,justin.buchanan@datapocalypse.com
Dennis,Foley,18891,15000,Engineering - Back End,dennis.foley@datapocalypse.com
Paul,Hernandez,243,23000,Governance,paul.hernandez@datapocalypse.com
Lindsay,Green,19468,19500,Governance,lindsay.green@datapocalypse.com
Christopher,Jimenez,12738,33500,Marketing,christopher.jimenez@datapocalypse.com
Cassidy,Allen,14033,15000,Distribution,cassidy.allen@datapocalypse.com
Rebecca,Moore,12401,47500,Marketing,rebecca.moore@datapocalypse.com
Richard,Meyer,16645,21000,Marketing,richard.meyer@datapocalypse.com
Jesse,Baird,17924,32500,Customer Research,jesse.baird@datapocalypse.com
Jacqueline,Wyatt,6081,15000,Governance,jacqueline.wyatt@datapocalypse.com
Samuel,Robles,10532,15000,Engineering - Back End,samuel.robles@datapocalypse.com
Ronald,Johnson,2980,18500,Engineering - Back End,ronald.johnson@datapocalypse.com
Megan,Atkinson,10051,46000,Engineering - Front End,megan.atkinson@datapocalypse.com
Jennifer,Murphy,8618,15000,Engineering - Back End,jennifer.murphy@datapocalypse.com
Kimberly,Terry,4377,28500,Governance,kimberly.terry@datapocalypse.com
Darrell,Wright,3924,25000,Governance,darrell.wright@datapocalypse.com
Jeffrey,Joseph,18783,39000,Marketing,jeffrey.joseph@datapocalypse.com
Leon,Bryant,17238,20000,Engineering - Back End,leon.bryant@datapocalypse.com
Colleen,Crane,5067,25500,Distribution,colleen.crane@datapocalypse.com
Theresa,Lopez,6546,25000,Governance,theresa.lopez@datapocalypse.com
Laura,Diaz,1482,26500,Marketing,laura.diaz@datapocalypse.com
Darlene,Cruz,3969,19500,Governance,darlene.cruz@datapocalypse.com
Maurice,Lowe,10438,15000,Governance,maurice.lowe@datapocalypse.com
Martin,Spencer,17226,15000,Customer Research,martin.spencer@datapocalypse.com
Kevin,Hart,10805,15000,Customer Research,kevin.hart@datapocalypse.com
Ashley,Pearson,17350,15000,Engineering - Front End,ashley.pearson@datapocalypse.com
Benjamin,Mcknight,8613,16000,Distribution,benjamin.mcknight@datapocalypse.com
Kathryn,Robbins,16987,33500,Customer Research,kathryn.robbins@datapocalypse.com
Jacob,Benson,7179,17000,Customer Research,jacob.benson@datapocalypse.com
Nicholas,Tate,18906,26000,Engineering - Front End,nicholas.tate@datapocalypse.com
Meghan,Brock,9599,22500,Engineering - Front End,meghan.brock@datapocalypse.com
William,Holmes,2294,33500,Engineering - Front End,william.holmes@datapocalypse.com
Stanley,Henry,6284,24000,Engineering - Front End,stanley.henry@datapocalypse.com
Monica,Peck,8143,15000,Distribution,monica.peck@datapocalypse.com
Brittany,Smith,9972,23000,Customer Research,brittany.smith@datapocalypse.com
Adam,Avery,4413,29500,Engineering - Back End,adam.avery@datapocalypse.com
Tonya,Jones,15609,30000,Marketing,tonya.jones@datapocalypse.com
Hunter,Love,16366,15000,Marketing,hunter.love@datapocalypse.com
Yolanda,Miller,4433,21000,Engineering - Front End,yolanda.miller@datapocalypse.com
Stephanie,Rogers,1899,17500,Distribution,stephanie.rogers@datapocalypse.com
Erin,Drake,10650,20500,Marketing,erin.drake@datapocalypse.com
Kara,Avila,15042,30500,Customer Research,kara.avila@datapocalypse.com
Christopher,Walker,3952,35000,Marketing,christopher.walker@datapocalypse.com
Kristine,Black,13577,23500,Engineering - Back End,kristine.black@datapocalypse.com
Eric,Bond,2825,40500,Engineering - Back End,eric.bond@datapocalypse.com
Nicole,Henry,7204,25000,Engineering - Back End,nicole.henry@datapocalypse.com
Jamie,Jackson,10567,25000,Governance,jamie.jackson@datapocalypse.com
Christine,Mercado,5602,45500,Marketing,christine.mercado@datapocalypse.com
Michelle,Good,6104,15000,Engineering - Back End,michelle.good@datapocalypse.com
Virginia,Jones,8916,19000,Distribution,virginia.jones@datapocalypse.com
Mark,White,15311,29500,Customer Research,mark.white@datapocalypse.com
Chad,White,11855,15000,Marketing,chad.white@datapocalypse.com
Brittany,Wallace,2690,18000,Customer Research,brittany.wallace@datapocalypse.com
Stephanie,Mason,19171,18500,Engineering - Front End,stephanie.mason@datapocalypse.com
Kevin,Kemp,18540,15000,Engineering - Back End,kevin.kemp@datapocalypse.com
Shelly,Lee,3226,15000,Engineering - Front End,shelly.lee@datapocalypse.com
Stephanie,Cooper,4414,20000,Engineering - Back End,stephanie.cooper@datapocalypse.com
Terrance,Miller,5693,41500,Engineering - Back End,terrance.miller@datapocalypse.com
Jennifer,Salinas,9154,20500,Marketing,jennifer.salinas@datapocalypse.com
Joseph,Peters,14629,37000,Distribution,joseph.peters@datapocalypse.com
Matthew,Barber,4395,34000,Engineering - Back End,matthew.barber@datapocalypse.com
Joseph,Martin,6674,22000,Governance,joseph.martin@datapocalypse.com
Jacob,Ho,14278,22500,Governance,jacob.ho@datapocalypse.com
Stephen,Fox,6852,15000,Customer Research,stephen.fox@datapocalypse.com
Daniel,Chavez,1198,16500,Customer Research,daniel.chavez@datapocalypse.com
Michael,Marks,13620,15000,Distribution,michael.marks@datapocalypse.com
Todd,Dunlap,15932,28000,Governance,todd.dunlap@datapocalypse.com
Rachel,Robinson,15248,29500,Customer Research,rachel.robinson@datapocalypse.com
John,Bennett,1745,19500,Distribution,john.bennett@datapocalypse.com
Kathleen,Watkins,13959,15000,Engineering - Back End,kathleen.watkins@datapocalypse.com
Michael,Young,16597,15000,Customer Research,michael.young@datapocalypse.com
